{"cameraMode":{"drawMode":0,"name":"Shaded","section":"Shading Mode"},"sceneLighting":false,"audioPlay":false,"sceneViewState":{"m_AlwaysRefresh":false,"showFog":false,"showSkybox":false,"showFlares":false,"showImageEffects":false,"showParticleSystems":false,"showVisualEffectGraphs":true,"m_FxEnabled":true},"in2DMode":false,"pivot":{"x":-0.2577654719352722,"y":0.7606919407844544,"z":-0.30756545066833498},"rotation":{"x":0.04676945507526398,"y":-0.9342831373214722,"z":0.13994084298610688,"w":0.3245578408241272},"size":1.4126954078674317,"orthographic":false}