{"cameraMode":{"drawMode":0,"name":"Shaded","section":"Shading Mode"},"sceneLighting":true,"audioPlay":false,"sceneViewState":{"m_AlwaysRefresh":false,"showFog":true,"showSkybox":true,"showFlares":true,"showImageEffects":true,"showParticleSystems":true,"showVisualEffectGraphs":true,"m_FxEnabled":true},"in2DMode":false,"pivot":{"x":65.7884750366211,"y":4.367170810699463,"z":-0.1671803891658783},"rotation":{"x":-0.02908456325531006,"y":-0.019493713974952699,"z":-0.0005681510083377361,"w":0.9994497895240784},"size":2.6335601806640627,"orthographic":false}