{"cameraMode":{"drawMode":0,"name":"Shaded","section":"Shading Mode"},"sceneLighting":true,"audioPlay":false,"sceneViewState":{"m_AlwaysRefresh":false,"showFog":true,"showSkybox":true,"showFlares":true,"showImageEffects":true,"showParticleSystems":true,"showVisualEffectGraphs":true,"m_FxEnabled":true},"in2DMode":false,"pivot":{"x":31.7808837890625,"y":6.780505657196045,"z":-18.259496688842775},"rotation":{"x":-0.00119134527631104,"y":-0.004802701994776726,"z":0.0000016379698308810476,"w":1.00002920627594},"size":2.016724109649658,"orthographic":false}