{"cameraMode":{"drawMode":0,"name":"Shaded","section":"Shading Mode"},"sceneLighting":true,"audioPlay":false,"sceneViewState":{"m_AlwaysRefresh":false,"showFog":true,"showSkybox":true,"showFlares":true,"showImageEffects":true,"showParticleSystems":true,"showVisualEffectGraphs":true,"m_FxEnabled":true},"in2DMode":false,"pivot":{"x":46.74644470214844,"y":8.190978050231934,"z":-16.744422912597658},"rotation":{"x":0.10064225643873215,"y":-0.00030367018189281225,"z":0.000021200326955295168,"w":0.9949654936790466},"size":2.016724109649658,"orthographic":false}