{"cameraMode":{"drawMode":0,"name":"Shaded","section":"Shading Mode"},"sceneLighting":true,"audioPlay":false,"sceneViewState":{"m_AlwaysRefresh":false,"showFog":true,"showSkybox":true,"showFlares":true,"showImageEffects":true,"showParticleSystems":true,"showVisualEffectGraphs":true,"m_FxEnabled":true},"in2DMode":false,"pivot":{"x":66.44854736328125,"y":10.510197639465332,"z":-7.082333564758301},"rotation":{"x":0.26268497109413149,"y":-0.010428906418383122,"z":0.0028237418737262489,"w":0.9648640155792236},"size":2.016724109649658,"orthographic":false}