{"cameraMode":{"drawMode":0,"name":"Shaded","section":"Shading Mode"},"sceneLighting":false,"audioPlay":false,"sceneViewState":{"m_AlwaysRefresh":false,"showFog":true,"showSkybox":false,"showFlares":true,"showImageEffects":true,"showParticleSystems":true,"showVisualEffectGraphs":true,"m_FxEnabled":true},"in2DMode":false,"pivot":{"x":17.3527774810791,"y":3.2665047645568849,"z":7.556924343109131},"rotation":{"x":-0.051920853555202487,"y":-0.09721807390451431,"z":-0.0050901491194963459,"w":0.9939268231391907},"size":3.420201301574707,"orthographic":false}