{"cameraMode":{"drawMode":0,"name":"Shaded","section":"Shading Mode"},"sceneLighting":false,"audioPlay":false,"sceneViewState":{"m_AlwaysRefresh":false,"showFog":true,"showSkybox":false,"showFlares":true,"showImageEffects":true,"showParticleSystems":true,"showVisualEffectGraphs":true,"m_FxEnabled":true},"in2DMode":false,"pivot":{"x":11.226061820983887,"y":3.2902090549468996,"z":4.322270393371582},"rotation":{"x":-0.008688585832715035,"y":0.025494597852230073,"z":0.0002109586785081774,"w":0.9996656775474548},"size":1.8117625713348389,"orthographic":false}